{
  "success": true,
  "terms": "https:\/\/currencylayer.com\/terms",
  "privacy": "https:\/\/currencylayer.com\/privacy",
  "timestamp": 1607569086,
  "source": "USD",
  "quotes": {
    "USDAED": 3.672969,
    "USDAFN": 77.149608,
    "USDALL": 106.796152,
    "USDAMD": 485.189855,
    "USDANG": 1.795897,
    "USDAOA": 557.959815,
    "USDARS": 71.832014,
    "USDAUD": 1.402151,
    "USDAWG": 1.8,
    "USDAZN": 1.695828,
    "USDBAM": 1.688754,
    "USDBBD": 2.020136,
    "USDBDT": 84.83749,
    "USDBGN": 1.684796,
    "USDBHD": 0.377048,
    "USDBIF": 1928,
    "USDBMD": 1,
    "USDBND": 1.385411,
    "USDBOB": 6.908491,
    "USDBRL": 5.169697,
    "USDBSD": 1.000484,
    "USDBTC": 0.000105,
    "USDBTN": 74.68613,
    "USDBWP": 11.48678,
    "USDBYN": 2.389155,
    "USDBYR": 19600,
    "USDBZD": 2.016682,
    "USDCAD": 1.33626,
    "USDCDF": 1960.49855,
    "USDCHF": 0.924985,
    "USDCLF": 0.027855,
    "USDCLP": 768.69704,
    "USDCNY": 7.004095,
    "USDCOP": 3661.11,
    "USDCRC": 582.01944,
    "USDCUC": 1,
    "USDCUP": 26.5,
    "USDCVE": 95.550546,
    "USDCZK": 22.591602,
    "USDDJF": 178.11241,
    "USDDKK": 6.40653,
    "USDDOP": 58.57005,
    "USDDZD": 127.447012,
    "USDEGP": 15.994303,
    "USDERN": 14.999612,
    "USDETB": 35.179891,
    "USDEUR": 0.860605,
    "USDFJD": 2.13775,
    "USDFKP": 0.784231,
    "USDGBP": 0.78443,
    "USDGEL": 3.070048,
    "USDGGP": 0.784231,
    "USDGHS": 5.784962,
    "USDGIP": 0.784231,
    "USDGMD": 51.798647,
    "USDGNF": 9614.999702,
    "USDGTQ": 7.701314,
    "USDGYD": 209.15433,
    "USDHKD": 7.75155,
    "USDHNL": 24.910326,
    "USDHRK": 6.473501,
    "USDHTG": 110.58853,
    "USDHUF": 298.450345,
    "USDIDR": 14638.95,
    "USDILS": 3.41374,
    "USDIMP": 0.784231,
    "USDINR": 74.786798,
    "USDIQD": 1190.5,
    "USDIRR": 42104.999897,
    "USDISK": 135.909773,
    "USDJEP": 0.784231,
    "USDJMD": 145.57307,
    "USDJOD": 0.708988,
    "USDJPY": 106.837501,
    "USDKES": 107.999663,
    "USDKGS": 76.498899,
    "USDKHR": 4102.000379,
    "USDKMF": 424.925002,
    "USDKPW": 900.013516,
    "USDKRW": 1200.375009,
    "USDKWD": 0.30657,
    "USDKYD": 0.833751,
    "USDKZT": 413.88421,
    "USDLAK": 9064.999945,
    "USDLBP": 1509.515403,
    "USDLKR": 185.86803,
    "USDLRD": 199.306616,
    "USDLSL": 16.530041,
    "USDLTL": 2.95274,
    "USDLVL": 0.60489,
    "USDLYD": 1.379971,
    "USDMAD": 9.43875,
    "USDMDL": 16.888313,
    "USDMGA": 3820.000248,
    "USDMKD": 53.201226,
    "USDMMK": 1378.189903,
    "USDMNT": 2845.0185,
    "USDMOP": 7.988153,
    "USDMRO": 357.000111,
    "USDMUR": 39.895167,
    "USDMVR": 15.409556,
    "USDMWK": 737.499408,
    "USDMXN": 22.35192,
    "USDMYR": 4.259798,
    "USDMZN": 70.624994,
    "USDNAD": 16.539746,
    "USDNGN": 388.000288,
    "USDNIO": 34.498647,
    "USDNOK": 9.17177,
    "USDNPR": 119.49764,
    "USDNZD": 1.502855,
    "USDOMR": 0.38499,
    "USDPAB": 1.000484,
    "USDPEN": 3.510998,
    "USDPGK": 3.446497,
    "USDPHP": 49.409029,
    "USDPKR": 167.49673,
    "USDPLN": 3.78997,
    "USDPYG": 6960.988981,
    "USDQAR": 3.64075,
    "USDRON": 4.159199,
    "USDRSD": 101.235002,
    "USDRUB": 71.195297,
    "USDRWF": 950,
    "USDSAR": 3.750584,
    "USDSBD": 8.305098,
    "USDSCR": 17.645338,
    "USDSDG": 55.374969,
    "USDSEK": 8.843402,
    "USDSGD": 1.38498,
    "USDSHP": 0.784231,
    "USDSLL": 9759.999577,
    "USDSOS": 582.497455,
    "USDSRD": 7.457993,
    "USDSTD": 21895.167007,
    "USDSVC": 8.754555,
    "USDSYP": 513.172506,
    "USDSZL": 16.545021,
    "USDTHB": 31.669901,
    "USDTJS": 10.312567,
    "USDTMT": 3.5,
    "USDTND": 2.784497,
    "USDTOP": 2.2689,
    "USDTRY": 6.84527,
    "USDTTD": 6.766366,
    "USDTWD": 29.435003,
    "USDTZS": 2321.999966,
    "USDUAH": 27.881967,
    "USDUGX": 3704.803802,
    "USDUSD": 1,
    "USDUYU": 43.116549,
    "USDUZS": 10220.000456,
    "USDVEF": 9.987501,
    "USDVND": 23181,
    "USDVUV": 114.113733,
    "USDWST": 2.611591,
    "USDXAF": 566.38835,
    "USDXAG": 0.043885,
    "USDXAU": 0.000528,
    "USDXCD": 2.70255,
    "USDXDR": 0.716753,
    "USDXOF": 573.497886,
    "USDXPF": 103.350145,
    "USDYER": 250.302556,
    "USDZAR": 16.57895,
    "USDZMK": 9001.199098,
    "USDZMW": 18.164125,
    "USDZWL": 322.000191
  }
}
